Index_Title,Values
median,1.0043490156506703
pc25,0.9238108873094648
pc75,1.070379745443768
