Index_Title,Values
median,0.9949501410568008
pc25,0.914438338088301
pc75,1.0696529395942325
