Index_Title,Values
median,0.8502214024537309
pc25,0.807743727012882
pc75,0.8924569006825809
