Index_Title,Values
median,0.8514195421895481
pc25,0.8107926943342345
pc75,0.8987085884545534
