Index_Title,Values
median,0.035701558076103895
pc25,0.033045370618463375
pc75,0.039578218069401386
