Index_Title,Values
median,0.03550562532312974
pc25,0.03237671507388176
pc75,0.040760903119
